{"$schema":"http://schema.management.azure.com/schemas/2015-01-01/deploymentTemplate.json#","contentVersion":"1.0.0.0","parameters":{"factoryName":{"type":"string","metadata":"Data Factory name"},"AzureDataLakeStorage1":{"type":"string"},"githttp":{"type":"string"}},"variables":{"factoryId":"[concat('Microsoft.DataFactory/factories/', parameters('factoryName'))]"},"resources":[{"name":"[concat(parameters('factoryName'), '/dynamicrawfromgit')]","type":"Microsoft.DataFactory/factories/pipelines","apiVersion":"2018-06-01","properties":{"activities":[{"name":"Lookup1","type":"Lookup","dependsOn":[],"policy":{"timeout":"0.12:00:00","retry":0,"retryIntervalInSeconds":30,"secureOutput":false,"secureInput":false},"userProperties":[],"typeProperties":{"source":{"type":"JsonSource","storeSettings":{"type":"AzureBlobFSReadSettings","recursive":true,"enablePartitionDiscovery":false},"formatSettings":{"type":"JsonReadSettings"}},"dataset":{"referenceName":"Json1","type":"DatasetReference","parameters":{}},"firstRowOnly":false}},{"name":"ForEach1","type":"ForEach","dependsOn":[{"activity":"Lookup1","dependencyConditions":["Succeeded"]}],"userProperties":[],"typeProperties":{"items":{"value":"@activity('Lookup1').output.value","type":"Expression"},"activities":[{"name":"Copy data1","type":"Copy","dependsOn":[],"policy":{"timeout":"0.12:00:00","retry":0,"retryIntervalInSeconds":30,"secureOutput":false,"secureInput":false},"userProperties":[],"typeProperties":{"source":{"type":"DelimitedTextSource","storeSettings":{"type":"HttpReadSettings","requestMethod":"GET"},"formatSettings":{"type":"DelimitedTextReadSettings"}},"sink":{"type":"DelimitedTextSink","storeSettings":{"type":"AzureBlobFSWriteSettings"},"formatSettings":{"type":"DelimitedTextWriteSettings","quoteAllText":true,"fileExtension":".txt"}},"enableStaging":false,"translator":{"type":"TabularTranslator","typeConversion":true,"typeConversionSettings":{"allowDataTruncation":true,"treatBooleanAsNumber":false}}},"inputs":[{"referenceName":"csvfromhttp","type":"DatasetReference","parameters":{"dynamic_url":{"value":"@concat(\n    'anshlambaoldgit/Adventure-Works-Data-Engineering-Project/main/',\n    item().p_rel_url\n)\n\n","type":"Expression"}}}],"outputs":[{"referenceName":"DelimitedText3","type":"DatasetReference","parameters":{"dynamic_sinkfolder":{"value":"@item().p_sink_folder","type":"Expression"},"dynamic_sinkfilename":{"value":"@item().p_sink_file","type":"Expression"}}}]}]}}],"policy":{"elapsedTimeMetric":{}},"parameters":{"value":{"type":"String"},"dynamiclookup":{"type":"String"}},"annotations":[],"lastPublishTime":"2025-11-25T23:53:11Z"},"dependsOn":["[concat(variables('factoryId'), '/datasets/Json1')]","[concat(variables('factoryId'), '/datasets/csvfromhttp')]","[concat(variables('factoryId'), '/datasets/DelimitedText3')]"]},{"name":"[concat(parameters('factoryName'), '/Json1')]","type":"Microsoft.DataFactory/factories/datasets","apiVersion":"2018-06-01","properties":{"linkedServiceName":{"referenceName":"[parameters('AzureDataLakeStorage1')]","type":"LinkedServiceReference"},"annotations":[],"type":"Json","typeProperties":{"location":{"type":"AzureBlobFSLocation","fileName":"git.json","fileSystem":"parameter"}},"schema":{}},"dependsOn":[]},{"name":"[concat(parameters('factoryName'), '/csvfromhttp')]","type":"Microsoft.DataFactory/factories/datasets","apiVersion":"2018-06-01","properties":{"linkedServiceName":{"referenceName":"[parameters('githttp')]","type":"LinkedServiceReference"},"parameters":{"dynamic_url":{"type":"String"}},"annotations":[],"type":"DelimitedText","typeProperties":{"location":{"type":"HttpServerLocation","relativeUrl":{"value":"@dataset().dynamic_url","type":"Expression"}},"columnDelimiter":",","escapeChar":"\\","firstRowAsHeader":true,"quoteChar":"\""},"schema":[]},"dependsOn":[]},{"name":"[concat(parameters('factoryName'), '/DelimitedText3')]","type":"Microsoft.DataFactory/factories/datasets","apiVersion":"2018-06-01","properties":{"linkedServiceName":{"referenceName":"[parameters('AzureDataLakeStorage1')]","type":"LinkedServiceReference"},"parameters":{"dynamic_sinkfolder":{"type":"String"},"dynamic_sinkfilename":{"type":"String"}},"annotations":[],"type":"DelimitedText","typeProperties":{"location":{"type":"AzureBlobFSLocation","fileName":{"value":"@dataset().dynamic_sinkfilename","type":"Expression"},"folderPath":{"value":"@dataset().dynamic_sinkfolder","type":"Expression"},"fileSystem":"bronze"},"columnDelimiter":",","escapeChar":"\\","firstRowAsHeader":true,"quoteChar":"\""},"schema":[]},"dependsOn":[]}]}